nazwa,sekwencja,uwagi,seq
14-3-3a-pGem-F,ACTCTTCCTCTTTTTCTAGCACACAGACC,,14-3-3a
14-3-3a-pGem-R,CAGCAAATTTCGATCAATGAGCAAAGTTATG,,14-3-3a
14-3-3a-Dtopo-F,CACCATGGCATCGCCGCGCGAGGAG,,14-3-3a
14-3-3a-Dtopo-R,CTGCTGCTCCTCCGCTTTTGATGGTTCTTTG,,14-3-3a
14-3-3a-pASK-F,ATCTAGATAACGAGGGCAAAAAATGGCATCGCCGCGCGAGGAG,,14-3-3a
14-3-3a-pASK-R,AGCGCTCTGCTGCTCCTCCGCTTTTGATGGTTCTTTG,,14-3-3a
MPK6-Xba,TCTAGATGGACGGTGGTTCAGGTCA,,MPK6
MPK6-Sma,CCCGGGCTATTGCTGATATTCTGGATTGAAAG,,MPK6
rihA-stop-F,CCATGGATGGCACTGCCAATTCTGTTAG,"Adding STOP codon to coding sequence of RihA",RihA
rihA-stop-R,CTCGAGTCAAGCGTAAAATTTCAGACGATCAG,,RihA
rihA-mut-NH-F,CTGTTAGATTGCGGCCCAGATCATGAC,"Making of rihAÂ–D10/G",RihA
rihA-mut-NH-R,AATTGGCAGTGCCATGGTATATC,,RihA
AtSGT1GW,CACCATGGCCAAGGAATTAGCAGAGAA,,AtSGT1
AtSGT1re,TCATCAATACTCCCACTTCTTGAGCTC,,AtSGT1
EcoSgt1b,GAATTCATGGCCAAGGAATTAGCAGAGAA,,AtSGT1
Sgt1aXho,CTCGAGGATCTCCCATTTCTTGAGCTCCATG,,AtSGT1
Sgt1aXba,TCTAGATGGCGAAGGAGCTTGCTGATAAG,,AtSGT1
Sgt1aNco,CCATGGCGAAGGAGCTTGCTGATAAG,,AtSGT1
